{
   "report": "analysis",
   "version": "1.2",
   "productVersion": "9.0",
   "productRelease": "20.0.0.4",
   "buildID": "v20201112_1316",
   "options": [
      "--sourceAppServer=was90",
      "--sourceJava=ibm8",
      "--targetAppServer=was90",
      "--targetJava=ibm8",
      "--targetCloud=containers",
      "--excludePackages=ch.qos,com.fasterxml,com.ibm,com.informix,com.lowagie,com.mchange,com.meterware,com.microsoft,com.sun,com.sybase,freemarker,groovy,java,javax,net,oracle,sqlj,sun,twitter4j,_ibmjsp",
      "--includePackages=org.pwte"
   ],
   "totalRulesFlagged": 3,
   "filesAffected": 5,
   "totalResults": 7,
   "severitySummary": [
      {
         "severity": "Warning",
         "severityId": "warning",
         "totalRulesFlagged": 3,
         "totalResults": 7
      }
   ],
   "applications": [
      "/opt/IBM/WebSphere/AppServer/profiles/AppSrv01/config/cells/DefaultCell01/applications/CustomerOrderServicesApp.ear/CustomerOrderServicesApp.ear"
   ],
   "rules": [
      {
         "ruleName": "Databases",
         "ruleId": "JavaxPersistenceRule",
         "devCost": "0",
         "severity": "Warning",
         "severityId": "warning",
         "category": "Technology connectivity considerations for IBM Cloud",
         "categoryId": "appconversion.cloud.category.technology.connectivity",
         "results": [
            {
               "fileName": "CustomerOrderServicesApp.ear/CustomerOrderServices-0.1.0-SNAPSHOT.jar/org/pwte/example/domain/AbstractCustomer.class",
               "details": [
                  {
                     "reference": "Class annotation",
                     "match": "javax.persistence",
                     "lineNumber": 0
                  }
               ]
            }
         ],
         "referencedClasses": [
            {
               "class": "javax.persistence.CascadeType",
               "total": 3
            },
            {
               "class": "javax.persistence.Column",
               "total": 15
            },
            {
               "class": "javax.persistence.DiscriminatorColumn",
               "total": 1
            },
            {
               "class": "javax.persistence.DiscriminatorType",
               "total": 1
            },
            {
               "class": "javax.persistence.DiscriminatorValue",
               "total": 2
            },
            {
               "class": "javax.persistence.Embeddable",
               "total": 2
            },
            {
               "class": "javax.persistence.Embedded",
               "total": 1
            },
            {
               "class": "javax.persistence.Entity",
               "total": 7
            },
            {
               "class": "javax.persistence.EntityManager",
               "total": 24
            },
            {
               "class": "javax.persistence.FetchType",
               "total": 10
            },
            {
               "class": "javax.persistence.GeneratedValue",
               "total": 1
            },
            {
               "class": "javax.persistence.GenerationType",
               "total": 1
            },
            {
               "class": "javax.persistence.Id",
               "total": 6
            },
            {
               "class": "javax.persistence.IdClass",
               "total": 1
            },
            {
               "class": "javax.persistence.Inheritance",
               "total": 1
            },
            {
               "class": "javax.persistence.InheritanceType",
               "total": 1
            },
            {
               "class": "javax.persistence.JoinColumn",
               "total": 7
            },
            {
               "class": "javax.persistence.JoinTable",
               "total": 1
            },
            {
               "class": "javax.persistence.ManyToMany",
               "total": 2
            },
            {
               "class": "javax.persistence.ManyToOne",
               "total": 4
            },
            {
               "class": "javax.persistence.NamedNativeQuery",
               "total": 1
            },
            {
               "class": "javax.persistence.NamedQuery",
               "total": 1
            },
            {
               "class": "javax.persistence.OneToMany",
               "total": 3
            },
            {
               "class": "javax.persistence.OneToOne",
               "total": 1
            },
            {
               "class": "javax.persistence.PersistenceContext",
               "total": 2
            },
            {
               "class": "javax.persistence.PrePersist",
               "total": 1
            },
            {
               "class": "javax.persistence.PreRemove",
               "total": 1
            },
            {
               "class": "javax.persistence.PreUpdate",
               "total": 1
            },
            {
               "class": "javax.persistence.Query",
               "total": 20
            },
            {
               "class": "javax.persistence.Table",
               "total": 3
            },
            {
               "class": "javax.persistence.Transient",
               "total": 1
            },
            {
               "class": "javax.persistence.Version",
               "total": 1
            }
         ]
      },
      {
         "ruleName": "Java EE security",
         "ruleId": "ApplicationSecurityRule",
         "devCost": "0",
         "severity": "Warning",
         "severityId": "warning",
         "category": "Technology connectivity considerations for IBM Cloud",
         "categoryId": "appconversion.cloud.category.technology.connectivity",
         "results": [
            {
               "fileName": "CustomerOrderServicesApp.ear/CustomerOrderServices-0.1.0-SNAPSHOT.jar/org/pwte/example/service/CustomerOrderServicesImpl.class",
               "details": [
                  {
                     "reference": "Class annotation",
                     "match": "javax.annotation.security.RolesAllowed",
                     "lineNumber": 0
                  }
               ]
            },
            {
               "fileName": "CustomerOrderServicesApp.ear/CustomerOrderServicesTest-0.1.0-SNAPSHOT.war/WEB-INF/web.xml",
               "details": [
                  {
                     "reference": null,
                     "match": "security-constraint",
                     "lineNumber": 21
                  }
               ]
            },
            {
               "fileName": "CustomerOrderServicesApp.ear/CustomerOrderServicesWeb-0.1.0-SNAPSHOT.war/WEB-INF/web.xml",
               "details": [
                  {
                     "reference": null,
                     "match": "security-constraint",
                     "lineNumber": 27
                  }
               ]
            }
         ]
      },
      {
         "ruleName": "Validate the URL host and port for cloud access",
         "ruleId": "URLRuleDockerCloud",
         "devCost": "0",
         "severity": "Warning",
         "severityId": "warning",
         "category": "Connectivity considerations for IBM Cloud (Containers and Virtual machines)",
         "categoryId": "appconversion.cloud.category.connectivity.dockerAndWASOnCloud",
         "results": [
            {
               "fileName": "CustomerOrderServicesApp.ear/CustomerOrderServicesTest-0.1.0-SNAPSHOT.war",
               "details": [
                  {
                     "reference": "1",
                     "match": "http://localhost:9080/CustomerOrderServicesTest/",
                     "lineNumber": 0
                  },
                  {
                     "reference": "2",
                     "match": "https://localhost:9443/CustomerOrderServicesWeb/",
                     "lineNumber": 0
                  },
                  {
                     "reference": "2",
                     "match": "jdbc:db2://localhost:50000/ORDERDB",
                     "lineNumber": 0
                  }
               ]
            }
         ]
      }
   ]
}