{
  "domain": "javaAppServer",
  "middleware": "was",
  "host": "86a7b0289f70",
  "assessmentUnitName": "CustomerOrderServicesApp.ear",
  "applicationName": "CustomerOrderServicesApp.ear",
  "dcVersion": "2.4.0",
  "collectionUnitType": "profile",
  "collectionUnitName": "AppSrv01",
  "isVirtual": "false",
  "rawDependencies": [
    {
      "domain": "database",
      "middleware": "db2",
      "assessmentUnitName": "${OrderDS_databaseName_1}",
      "applicationName": "${OrderDS_databaseName_1}",
      "collectionUnitType": "instance",
      "isVirtual": "false",
      "identifier": {
        "portNumber": "${OrderDS_portNumber_1}",
        "databaseName": "${OrderDS_databaseName_1}"
      }
    }
  ],
  "serverXml": {
    "server": {
      "description": "Configuration generated by binaryAppScanner",
      "featureManager": {
        "feature": [
          "appSecurity-2.0",
          "jaxrs-2.0",
          "jpa-2.1",
          "json-1.0",
          "ldapRegistry-3.0",
          "servlet-3.1"
        ]
      },
      "applicationManager": {
        "autoExpand": true
      },
      "httpEndpoint": {
        "host": "${httpEndpoint_host_1}",
        "httpPort": "${httpEndpoint_port_1}",
        "httpsPort": "${httpEndpoint_secure_port_1}",
        "id": "defaultHttpEndpoint"
      },
      "enterpriseApplication": {
        "location": "CustomerOrderServicesApp.ear",
        "application-bnd": {
          "security-role": {
            "name": "SecureShopper",
            "group": {
              "name": "SecureShopper"
            }
          }
        }
      },
      "authData": {
        "id": "DBUser",
        "password": "${DBUser_password_1}",
        "user": "${DBUser_user_1}"
      },
      "jdbcDriver": {
        "id": "DB2_Using_IBM_JCC_Driver_(XA)",
        "library": {
          "file": [
            {
              "name": "/opt/IBM/db2drivers/db2jcc4.jar"
            },
            {
              "name": "/opt/IBM/db2drivers/db2jcc_license_cu.jar"
            },
            {
              "name": "/opt/IBM/db2drivers/db2jcc_license_cisuz.jar"
            }
          ]
        }
      },
      "dataSource": {
        "beginTranForResultSetScrollingAPIs": false,
        "beginTranForVendorAPIs": false,
        "containerAuthDataRef": "DBUser",
        "id": "OrderDS",
        "jdbcDriverRef": "DB2_Using_IBM_JCC_Driver_(XA)",
        "jndiName": "jdbc/orderds",
        "recoveryAuthDataRef": "DBUser",
        "type": "javax.sql.XADataSource",
        "properties.db2.jcc": {
          "databaseName": "${OrderDS_databaseName_1}",
          "name": "OrderDS",
          "portNumber": "${OrderDS_portNumber_1}",
          "serverName": "${OrderDS_serverName_1}"
        },
        "connectionManager": {
          "connectionTimeout": 180,
          "maxPoolSize": 10
        }
      },
      "variable": [
        {
          "defaultValue": "ORDERDB",
          "name": "OrderDS_databaseName_1"
        },
        {
          "defaultValue": 50000,
          "name": "OrderDS_portNumber_1"
        },
        {
          "defaultValue": 9080,
          "name": "httpEndpoint_port_1"
        },
        {
          "defaultValue": "*",
          "name": "httpEndpoint_host_1"
        },
        {
          "defaultValue": "cos-db-was.db.svc",
          "name": "OrderDS_serverName_1"
        },
        {
          "defaultValue": 9443,
          "name": "httpEndpoint_secure_port_1"
        }
      ]
    }
  }
}