{
  "domain": "javaAppServer",
  "middleware": "was",
  "host": "b2c2eba66a57",
  "assessmentUnitName": "query.ear",
  "applicationName": "query.ear",
  "dcVersion": "2.4.0",
  "collectionUnitType": "profile",
  "collectionUnitName": "AppSrv01",
  "isVirtual": "false",
  "serverXml": {
    "server": {
      "description": "Configuration generated by binaryAppScanner",
      "featureManager": {
        "feature": [
          "appSecurity-2.0",
          "ejbLite-3.2",
          "ejbRemote-3.2",
          "ldapRegistry-3.0"
        ]
      },
      "applicationManager": {
        "autoExpand": true
      },
      "httpEndpoint": {
        "host": "${httpEndpoint_host_1}",
        "httpPort": "${httpEndpoint_port_1}",
        "httpsPort": "${httpEndpoint_secure_port_1}",
        "id": "defaultHttpEndpoint"
      },
      "enterpriseApplication": {
        "location": "query.ear"
      },
      "variable": [
        {
          "defaultValue": 9080,
          "name": "httpEndpoint_port_1"
        },
        {
          "defaultValue": "*",
          "name": "httpEndpoint_host_1"
        },
        {
          "defaultValue": 9443,
          "name": "httpEndpoint_secure_port_1"
        }
      ]
    }
  }
}