{
   "report": "analysis",
   "version": "1.2",
   "productVersion": "9.0",
   "productRelease": "20.0.0.4",
   "buildID": "v20201112_1316",
   "options": [
      "--sourceAppServer=was855",
      "--sourceJava=ibm6",
      "--sourceJavaEE=ee6",
      "--targetAppServer=was90",
      "--targetJava=ibm8",
      "--targetJavaEE=ee7",
      "--targetCloud=containers",
      "--excludePackages=ch.qos,com.fasterxml,com.ibm,com.informix,com.lowagie,com.mchange,com.meterware,com.microsoft,com.sun,com.sybase,freemarker,groovy,java,javax,net,oracle,sqlj,sun,twitter4j,_ibmjsp",
      "--includePackages=org.pwte"
   ],
   "totalRulesFlagged": 8,
   "filesAffected": 18,
   "totalResults": 22,
   "severitySummary": [
      {
         "severity": "Warning",
         "severityId": "warning",
         "totalRulesFlagged": 8,
         "totalResults": 22
      }
   ],
   "applications": [
      "/opt/IBM/WebSphere/AppServer/profiles/AppSrv01/config/cells/DefaultCell01/applications/CustomerOrderServicesApp.ear/CustomerOrderServicesApp.ear"
   ],
   "rules": [
      {
         "ruleName": "CDI recognizes implicit bean archives",
         "ruleId": "ImplicitCDIBehaviorChange",
         "devCost": "0",
         "severity": "Warning",
         "severityId": "warning",
         "category": "Java EE 7 / CDI",
         "categoryId": "appconversion.javaee7.category / appconversion.javaee7.cdi.category",
         "results": [
            {
               "fileName": "CustomerOrderServicesApp.ear/CustomerOrderServices-0.1.0-SNAPSHOT.jar/org/pwte/example/service/CustomerOrderServicesImpl.class",
               "details": [
                  {
                     "reference": "Class annotation",
                     "match": "javax.ejb.Stateless",
                     "lineNumber": 0
                  }
               ]
            },
            {
               "fileName": "CustomerOrderServicesApp.ear/CustomerOrderServices-0.1.0-SNAPSHOT.jar/org/pwte/example/service/ProductSearchServiceImpl.class",
               "details": [
                  {
                     "reference": "Class annotation",
                     "match": "javax.ejb.Stateless",
                     "lineNumber": 0
                  }
               ]
            }
         ]
      },
      {
         "ruleName": "CDI scans for implicit beans when there is no beans.xml file",
         "ruleId": "MissingBeansFile",
         "devCost": "0",
         "severity": "Warning",
         "severityId": "warning",
         "category": "Java EE 7 / CDI",
         "categoryId": "appconversion.javaee7.category / appconversion.javaee7.cdi.category",
         "results": [
            {
               "fileName": "CustomerOrderServicesApp.ear/CustomerOrderServices-0.1.0-SNAPSHOT.jar",
               "details": [
                  {
                     "reference": null,
                     "match": ".*(\\.war|\\.jar)",
                     "lineNumber": 0
                  }
               ]
            },
            {
               "fileName": "CustomerOrderServicesApp.ear/CustomerOrderServicesTest-0.1.0-SNAPSHOT.war",
               "details": [
                  {
                     "reference": null,
                     "match": ".*(\\.war|\\.jar)",
                     "lineNumber": 0
                  }
               ]
            },
            {
               "fileName": "CustomerOrderServicesApp.ear/CustomerOrderServicesTest-0.1.0-SNAPSHOT.war/WEB-INF/lib/dbunit-2.2.jar",
               "details": [
                  {
                     "reference": null,
                     "match": ".*(\\.war|\\.jar)",
                     "lineNumber": 0
                  }
               ]
            },
            {
               "fileName": "CustomerOrderServicesApp.ear/CustomerOrderServicesTest-0.1.0-SNAPSHOT.war/WEB-INF/lib/junit.jar",
               "details": [
                  {
                     "reference": null,
                     "match": ".*(\\.war|\\.jar)",
                     "lineNumber": 0
                  }
               ]
            },
            {
               "fileName": "CustomerOrderServicesApp.ear/CustomerOrderServicesTest-0.1.0-SNAPSHOT.war/WEB-INF/lib/junitee.jar",
               "details": [
                  {
                     "reference": null,
                     "match": ".*(\\.war|\\.jar)",
                     "lineNumber": 0
                  }
               ]
            },
            {
               "fileName": "CustomerOrderServicesApp.ear/CustomerOrderServicesWeb-0.1.0-SNAPSHOT.war",
               "details": [
                  {
                     "reference": null,
                     "match": ".*(\\.war|\\.jar)",
                     "lineNumber": 0
                  }
               ]
            },
            {
               "fileName": "CustomerOrderServicesApp.ear/CustomerOrderServicesWeb-0.1.0-SNAPSHOT.war/dojo/util/shrinksafe/js.jar",
               "details": [
                  {
                     "reference": null,
                     "match": ".*(\\.war|\\.jar)",
                     "lineNumber": 0
                  }
               ]
            },
            {
               "fileName": "CustomerOrderServicesApp.ear/CustomerOrderServicesWeb-0.1.0-SNAPSHOT.war/dojo/util/shrinksafe/shrinksafe.jar",
               "details": [
                  {
                     "reference": null,
                     "match": ".*(\\.war|\\.jar)",
                     "lineNumber": 0
                  }
               ]
            }
         ]
      },
      {
         "ruleName": "Databases",
         "ruleId": "JavaxPersistenceRule",
         "devCost": "0",
         "severity": "Warning",
         "severityId": "warning",
         "category": "Technology connectivity considerations for IBM Cloud",
         "categoryId": "appconversion.cloud.category.technology.connectivity",
         "results": [
            {
               "fileName": "CustomerOrderServicesApp.ear/CustomerOrderServices-0.1.0-SNAPSHOT.jar/org/pwte/example/domain/AbstractCustomer.class",
               "details": [
                  {
                     "reference": "Class annotation",
                     "match": "javax.persistence",
                     "lineNumber": 0
                  }
               ]
            }
         ],
         "referencedClasses": [
            {
               "class": "javax.persistence.CascadeType",
               "total": 3
            },
            {
               "class": "javax.persistence.Column",
               "total": 15
            },
            {
               "class": "javax.persistence.DiscriminatorColumn",
               "total": 1
            },
            {
               "class": "javax.persistence.DiscriminatorType",
               "total": 1
            },
            {
               "class": "javax.persistence.DiscriminatorValue",
               "total": 2
            },
            {
               "class": "javax.persistence.Embeddable",
               "total": 2
            },
            {
               "class": "javax.persistence.Embedded",
               "total": 1
            },
            {
               "class": "javax.persistence.Entity",
               "total": 7
            },
            {
               "class": "javax.persistence.EntityManager",
               "total": 24
            },
            {
               "class": "javax.persistence.FetchType",
               "total": 10
            },
            {
               "class": "javax.persistence.GeneratedValue",
               "total": 1
            },
            {
               "class": "javax.persistence.GenerationType",
               "total": 1
            },
            {
               "class": "javax.persistence.Id",
               "total": 6
            },
            {
               "class": "javax.persistence.IdClass",
               "total": 1
            },
            {
               "class": "javax.persistence.Inheritance",
               "total": 1
            },
            {
               "class": "javax.persistence.InheritanceType",
               "total": 1
            },
            {
               "class": "javax.persistence.JoinColumn",
               "total": 7
            },
            {
               "class": "javax.persistence.JoinTable",
               "total": 1
            },
            {
               "class": "javax.persistence.ManyToMany",
               "total": 2
            },
            {
               "class": "javax.persistence.ManyToOne",
               "total": 4
            },
            {
               "class": "javax.persistence.NamedNativeQuery",
               "total": 1
            },
            {
               "class": "javax.persistence.NamedQuery",
               "total": 1
            },
            {
               "class": "javax.persistence.OneToMany",
               "total": 3
            },
            {
               "class": "javax.persistence.OneToOne",
               "total": 1
            },
            {
               "class": "javax.persistence.PersistenceContext",
               "total": 2
            },
            {
               "class": "javax.persistence.PrePersist",
               "total": 1
            },
            {
               "class": "javax.persistence.PreRemove",
               "total": 1
            },
            {
               "class": "javax.persistence.PreUpdate",
               "total": 1
            },
            {
               "class": "javax.persistence.Query",
               "total": 20
            },
            {
               "class": "javax.persistence.Table",
               "total": 3
            },
            {
               "class": "javax.persistence.Transient",
               "total": 1
            },
            {
               "class": "javax.persistence.Version",
               "total": 1
            }
         ]
      },
      {
         "ruleName": "Handling application configuration in Docker containers",
         "ruleId": "DetectPropertiesFiles",
         "devCost": "0",
         "severity": "Warning",
         "severityId": "warning",
         "category": "Containers (IBM Cloud Pak for Applications, Kubernetes)",
         "categoryId": "appconversion.cloud.category.docker",
         "results": [
            {
               "fileName": "CustomerOrderServicesApp.ear/CustomerOrderServicesTest-0.1.0-SNAPSHOT.war/WEB-INF/lib/dbunit-2.2.jar/cvs-tests.properties",
               "details": [
                  {
                     "reference": null,
                     "match": "(.*)?\\.properties",
                     "lineNumber": 0
                  }
               ]
            },
            {
               "fileName": "CustomerOrderServicesApp.ear/CustomerOrderServicesTest-0.1.0-SNAPSHOT.war/WEB-INF/lib/junit.jar/junit/runner/excluded.properties",
               "details": [
                  {
                     "reference": null,
                     "match": "(.*)?\\.properties",
                     "lineNumber": 0
                  }
               ]
            }
         ]
      },
      {
         "ruleName": "Java API for RESTful Web Services (JAX-RS)",
         "ruleId": "DetectJAXRS",
         "devCost": "0",
         "severity": "Warning",
         "severityId": "warning",
         "category": "Java EE 6 / JAX-RS 1.1",
         "categoryId": "com.ibm.ws.appconversion.javaee6.category / com.ibm.ws.appconversion.javaee6.jaxrs.category",
         "results": [
            {
               "fileName": "CustomerOrderServicesApp.ear/CustomerOrderServicesTest-0.1.0-SNAPSHOT.war/WEB-INF/classes/org/pwte/example/jaxrs/test/CustomerOrderRESTTest$1.class",
               "details": [
                  {
                     "reference": "Constructor",
                     "match": "javax.ws.rs.core",
                     "lineNumber": 46
                  }
               ]
            },
            {
               "fileName": "CustomerOrderServicesApp.ear/CustomerOrderServicesWeb-0.1.0-SNAPSHOT.war/WEB-INF/classes/org/pwte/example/app/CustomerServicesApp.class",
               "details": [
                  {
                     "reference": "Constructor",
                     "match": "javax.ws.rs.core",
                     "lineNumber": 12
                  }
               ]
            }
         ],
         "referencedClasses": [
            {
               "class": "javax.ws.rs.Consumes",
               "total": 3
            },
            {
               "class": "javax.ws.rs.DELETE",
               "total": 1
            },
            {
               "class": "javax.ws.rs.GET",
               "total": 7
            },
            {
               "class": "javax.ws.rs.POST",
               "total": 3
            },
            {
               "class": "javax.ws.rs.PUT",
               "total": 1
            },
            {
               "class": "javax.ws.rs.Path",
               "total": 12
            },
            {
               "class": "javax.ws.rs.PathParam",
               "total": 3
            },
            {
               "class": "javax.ws.rs.Produces",
               "total": 9
            },
            {
               "class": "javax.ws.rs.QueryParam",
               "total": 1
            },
            {
               "class": "javax.ws.rs.WebApplicationException",
               "total": 50
            },
            {
               "class": "javax.ws.rs.core.Application",
               "total": 7
            },
            {
               "class": "javax.ws.rs.core.Context",
               "total": 4
            },
            {
               "class": "javax.ws.rs.core.HttpHeaders",
               "total": 8
            },
            {
               "class": "javax.ws.rs.core.MultivaluedMap",
               "total": 17
            },
            {
               "class": "javax.ws.rs.core.Response",
               "total": 37
            },
            {
               "class": "javax.ws.rs.core.Response$ResponseBuilder",
               "total": 42
            },
            {
               "class": "javax.ws.rs.core.Response$Status",
               "total": 57
            }
         ]
      },
      {
         "ruleName": "Java EE security",
         "ruleId": "ApplicationSecurityRule",
         "devCost": "0",
         "severity": "Warning",
         "severityId": "warning",
         "category": "Technology connectivity considerations for IBM Cloud",
         "categoryId": "appconversion.cloud.category.technology.connectivity",
         "results": [
            {
               "fileName": "CustomerOrderServicesApp.ear/CustomerOrderServices-0.1.0-SNAPSHOT.jar/org/pwte/example/service/CustomerOrderServicesImpl.class",
               "details": [
                  {
                     "reference": "Class annotation",
                     "match": "javax.annotation.security.RolesAllowed",
                     "lineNumber": 0
                  }
               ]
            },
            {
               "fileName": "CustomerOrderServicesApp.ear/CustomerOrderServicesTest-0.1.0-SNAPSHOT.war/WEB-INF/web.xml",
               "details": [
                  {
                     "reference": null,
                     "match": "security-constraint",
                     "lineNumber": 21
                  }
               ]
            },
            {
               "fileName": "CustomerOrderServicesApp.ear/CustomerOrderServicesWeb-0.1.0-SNAPSHOT.war/WEB-INF/web.xml",
               "details": [
                  {
                     "reference": null,
                     "match": "security-constraint",
                     "lineNumber": 27
                  }
               ]
            }
         ]
      },
      {
         "ruleName": "Java Persistence API (JPA)",
         "ruleId": "DetectJPA",
         "devCost": "0",
         "severity": "Warning",
         "severityId": "warning",
         "category": "Java EE 6 / JPA 2.0",
         "categoryId": "com.ibm.ws.appconversion.javaee6.category / com.ibm.ws.appconversion.javaee6.jpa.category",
         "results": [
            {
               "fileName": "CustomerOrderServicesApp.ear/CustomerOrderServices-0.1.0-SNAPSHOT.jar/org/pwte/example/domain/AbstractCustomer.class",
               "details": [
                  {
                     "reference": "Class annotation",
                     "match": "javax.persistence",
                     "lineNumber": 0
                  }
               ]
            }
         ],
         "referencedClasses": [
            {
               "class": "javax.persistence.CascadeType",
               "total": 3
            },
            {
               "class": "javax.persistence.Column",
               "total": 15
            },
            {
               "class": "javax.persistence.DiscriminatorColumn",
               "total": 1
            },
            {
               "class": "javax.persistence.DiscriminatorType",
               "total": 1
            },
            {
               "class": "javax.persistence.DiscriminatorValue",
               "total": 2
            },
            {
               "class": "javax.persistence.Embeddable",
               "total": 2
            },
            {
               "class": "javax.persistence.Embedded",
               "total": 1
            },
            {
               "class": "javax.persistence.Entity",
               "total": 7
            },
            {
               "class": "javax.persistence.EntityManager",
               "total": 24
            },
            {
               "class": "javax.persistence.FetchType",
               "total": 10
            },
            {
               "class": "javax.persistence.GeneratedValue",
               "total": 1
            },
            {
               "class": "javax.persistence.GenerationType",
               "total": 1
            },
            {
               "class": "javax.persistence.Id",
               "total": 6
            },
            {
               "class": "javax.persistence.IdClass",
               "total": 1
            },
            {
               "class": "javax.persistence.Inheritance",
               "total": 1
            },
            {
               "class": "javax.persistence.InheritanceType",
               "total": 1
            },
            {
               "class": "javax.persistence.JoinColumn",
               "total": 7
            },
            {
               "class": "javax.persistence.JoinTable",
               "total": 1
            },
            {
               "class": "javax.persistence.ManyToMany",
               "total": 2
            },
            {
               "class": "javax.persistence.ManyToOne",
               "total": 4
            },
            {
               "class": "javax.persistence.NamedNativeQuery",
               "total": 1
            },
            {
               "class": "javax.persistence.NamedQuery",
               "total": 1
            },
            {
               "class": "javax.persistence.OneToMany",
               "total": 3
            },
            {
               "class": "javax.persistence.OneToOne",
               "total": 1
            },
            {
               "class": "javax.persistence.PersistenceContext",
               "total": 2
            },
            {
               "class": "javax.persistence.PrePersist",
               "total": 1
            },
            {
               "class": "javax.persistence.PreRemove",
               "total": 1
            },
            {
               "class": "javax.persistence.PreUpdate",
               "total": 1
            },
            {
               "class": "javax.persistence.Query",
               "total": 20
            },
            {
               "class": "javax.persistence.Table",
               "total": 3
            },
            {
               "class": "javax.persistence.Transient",
               "total": 1
            },
            {
               "class": "javax.persistence.Version",
               "total": 1
            }
         ]
      },
      {
         "ruleName": "Validate the URL host and port for cloud access",
         "ruleId": "URLRuleDockerCloud",
         "devCost": "0",
         "severity": "Warning",
         "severityId": "warning",
         "category": "Connectivity considerations for IBM Cloud (Containers and Virtual machines)",
         "categoryId": "appconversion.cloud.category.connectivity.dockerAndWASOnCloud",
         "results": [
            {
               "fileName": "CustomerOrderServicesApp.ear/CustomerOrderServicesTest-0.1.0-SNAPSHOT.war",
               "details": [
                  {
                     "reference": "1",
                     "match": "http://localhost:9080/CustomerOrderServicesTest/",
                     "lineNumber": 0
                  },
                  {
                     "reference": "2",
                     "match": "https://localhost:9443/CustomerOrderServicesWeb/",
                     "lineNumber": 0
                  },
                  {
                     "reference": "2",
                     "match": "jdbc:db2://localhost:50000/ORDERDB",
                     "lineNumber": 0
                  }
               ]
            }
         ]
      }
   ]
}