{
   "report": "analysis",
   "version": "1.2",
   "productVersion": "9.0",
   "productRelease": "20.0.0.4",
   "buildID": "v20201112_1316",
   "options": [
      "--sourceAppServer=was855",
      "--sourceJava=ibm6",
      "--sourceJavaEE=ee6",
      "--targetAppServer=was90",
      "--targetJava=ibm8",
      "--targetJavaEE=ee7",
      "--targetCloud=containers",
      "--excludePackages=ch.qos,com.fasterxml,com.ibm,com.informix,com.lowagie,com.mchange,com.meterware,com.microsoft,com.sun,com.sybase,freemarker,groovy,java,javax,net,oracle,org,sqlj,sun,twitter4j,_ibmjsp"
   ],
   "totalRulesFlagged": 7,
   "filesAffected": 19,
   "totalResults": 24,
   "severitySummary": [
      {
         "severity": "Warning",
         "severityId": "warning",
         "totalRulesFlagged": 6,
         "totalResults": 22
      },
      {
         "severity": "Information",
         "severityId": "info",
         "totalRulesFlagged": 1,
         "totalResults": 2
      }
   ],
   "applications": [
      "/opt/IBM/WebSphere/AppServer/profiles/AppSrv01/config/cells/DefaultCell01/applications/CustomerOrderServicesApp.ear/CustomerOrderServicesApp.ear"
   ],
   "rules": [
      {
         "ruleName": "Behavior change in rounding in NumberFormat and DecimalFormat format methods",
         "ruleId": "NumberFormatRounding",
         "devCost": "0",
         "severity": "Information",
         "severityId": "info",
         "category": "Java SE version migration / Java SE 8 compatibility impacts",
         "categoryId": "appconversion.jre.category / appconversion.jre.180.category",
         "results": [
            {
               "fileName": "CustomerOrderServicesApp.ear/CustomerOrderServicesTest-0.1.0-SNAPSHOT.war/WEB-INF/lib/junit.jar/junit/runner/BaseTestRunner.class",
               "details": [
                  {
                     "reference": "Method elapsedTimeAsString",
                     "match": "java.text.NumberFormat.format(double)",
                     "lineNumber": 147
                  }
               ]
            },
            {
               "fileName": "CustomerOrderServicesApp.ear/CustomerOrderServicesTest-0.1.0-SNAPSHOT.war/WEB-INF/lib/junit.jar/junit/textui/ResultPrinter.class",
               "details": [
                  {
                     "reference": "Method elapsedTimeAsString",
                     "match": "java.text.NumberFormat.format(double)",
                     "lineNumber": 102
                  }
               ]
            }
         ]
      },
      {
         "ruleName": "CDI scans for implicit beans when there is no beans.xml file",
         "ruleId": "MissingBeansFile",
         "devCost": "0",
         "severity": "Warning",
         "severityId": "warning",
         "category": "Java EE 7 / CDI",
         "categoryId": "appconversion.javaee7.category / appconversion.javaee7.cdi.category",
         "results": [
            {
               "fileName": "CustomerOrderServicesApp.ear/CustomerOrderServices-0.1.0-SNAPSHOT.jar",
               "details": [
                  {
                     "reference": null,
                     "match": ".*(\\.war|\\.jar)",
                     "lineNumber": 0
                  }
               ]
            },
            {
               "fileName": "CustomerOrderServicesApp.ear/CustomerOrderServicesTest-0.1.0-SNAPSHOT.war",
               "details": [
                  {
                     "reference": null,
                     "match": ".*(\\.war|\\.jar)",
                     "lineNumber": 0
                  }
               ]
            },
            {
               "fileName": "CustomerOrderServicesApp.ear/CustomerOrderServicesTest-0.1.0-SNAPSHOT.war/WEB-INF/lib/dbunit-2.2.jar",
               "details": [
                  {
                     "reference": null,
                     "match": ".*(\\.war|\\.jar)",
                     "lineNumber": 0
                  }
               ]
            },
            {
               "fileName": "CustomerOrderServicesApp.ear/CustomerOrderServicesTest-0.1.0-SNAPSHOT.war/WEB-INF/lib/junit.jar",
               "details": [
                  {
                     "reference": null,
                     "match": ".*(\\.war|\\.jar)",
                     "lineNumber": 0
                  }
               ]
            },
            {
               "fileName": "CustomerOrderServicesApp.ear/CustomerOrderServicesTest-0.1.0-SNAPSHOT.war/WEB-INF/lib/junitee.jar",
               "details": [
                  {
                     "reference": null,
                     "match": ".*(\\.war|\\.jar)",
                     "lineNumber": 0
                  }
               ]
            },
            {
               "fileName": "CustomerOrderServicesApp.ear/CustomerOrderServicesWeb-0.1.0-SNAPSHOT.war",
               "details": [
                  {
                     "reference": null,
                     "match": ".*(\\.war|\\.jar)",
                     "lineNumber": 0
                  }
               ]
            },
            {
               "fileName": "CustomerOrderServicesApp.ear/CustomerOrderServicesWeb-0.1.0-SNAPSHOT.war/dojo/util/shrinksafe/js.jar",
               "details": [
                  {
                     "reference": null,
                     "match": ".*(\\.war|\\.jar)",
                     "lineNumber": 0
                  }
               ]
            },
            {
               "fileName": "CustomerOrderServicesApp.ear/CustomerOrderServicesWeb-0.1.0-SNAPSHOT.war/dojo/util/shrinksafe/shrinksafe.jar",
               "details": [
                  {
                     "reference": null,
                     "match": ".*(\\.war|\\.jar)",
                     "lineNumber": 0
                  }
               ]
            }
         ]
      },
      {
         "ruleName": "Databases",
         "ruleId": "JavaxPersistenceRule",
         "devCost": "0",
         "severity": "Warning",
         "severityId": "warning",
         "category": "Technology connectivity considerations for IBM Cloud",
         "categoryId": "appconversion.cloud.category.technology.connectivity",
         "results": [
            {
               "fileName": "CustomerOrderServicesApp.ear/CustomerOrderServices-0.1.0-SNAPSHOT.jar/META-INF/persistence.xml",
               "details": [
                  {
                     "reference": null,
                     "match": "jta-data-source=jdbc/orderds",
                     "lineNumber": 5
                  }
               ]
            }
         ]
      },
      {
         "ruleName": "Do not start unmanaged threads within the web or EJB container",
         "ruleId": "CreateThreadMethodsInWebOrEjbProject",
         "devCost": "0",
         "severity": "Warning",
         "severityId": "warning",
         "category": "All application servers",
         "categoryId": "com.ibm.ws.appconversion.all.category",
         "results": [
            {
               "fileName": "CustomerOrderServicesApp.ear/CustomerOrderServicesTest-0.1.0-SNAPSHOT.war/WEB-INF/lib/junit.jar/junit/awtui/TestRunner.class",
               "details": [
                  {
                     "reference": "Method runSuite",
                     "match": "java.lang.Thread.start(*)",
                     "lineNumber": 512
                  }
               ]
            },
            {
               "fileName": "CustomerOrderServicesApp.ear/CustomerOrderServicesTest-0.1.0-SNAPSHOT.war/WEB-INF/lib/junit.jar/junit/extensions/ActiveTestSuite.class",
               "details": [
                  {
                     "reference": "Method runTest",
                     "match": "java.lang.Thread.start(*)",
                     "lineNumber": 49
                  }
               ]
            },
            {
               "fileName": "CustomerOrderServicesApp.ear/CustomerOrderServicesTest-0.1.0-SNAPSHOT.war/WEB-INF/lib/junit.jar/junit/swingui/TestRunner.class",
               "details": [
                  {
                     "reference": "Method doRunTest",
                     "match": "java.lang.Thread.start(*)",
                     "lineNumber": 719
                  }
               ]
            }
         ]
      },
      {
         "ruleName": "Handling application configuration in Docker containers",
         "ruleId": "DetectPropertiesFiles",
         "devCost": "0",
         "severity": "Warning",
         "severityId": "warning",
         "category": "Containers (IBM Cloud Pak for Applications, Kubernetes)",
         "categoryId": "appconversion.cloud.category.docker",
         "results": [
            {
               "fileName": "CustomerOrderServicesApp.ear/CustomerOrderServicesTest-0.1.0-SNAPSHOT.war/WEB-INF/lib/dbunit-2.2.jar/cvs-tests.properties",
               "details": [
                  {
                     "reference": null,
                     "match": "(.*)?\\.properties",
                     "lineNumber": 0
                  }
               ]
            },
            {
               "fileName": "CustomerOrderServicesApp.ear/CustomerOrderServicesTest-0.1.0-SNAPSHOT.war/WEB-INF/lib/junit.jar/junit/runner/BaseTestRunner.class",
               "details": [
                  {
                     "reference": "Method readPreferences",
                     "match": "java.util.Properties.load(*)",
                     "lineNumber": 240
                  }
               ]
            },
            {
               "fileName": "CustomerOrderServicesApp.ear/CustomerOrderServicesTest-0.1.0-SNAPSHOT.war/WEB-INF/lib/junit.jar/junit/runner/TestCaseClassLoader.class",
               "details": [
                  {
                     "reference": "Method readExcludedPackages",
                     "match": "java.util.Properties.load(*)",
                     "lineNumber": 218
                  }
               ]
            },
            {
               "fileName": "CustomerOrderServicesApp.ear/CustomerOrderServicesTest-0.1.0-SNAPSHOT.war/WEB-INF/lib/junit.jar/junit/runner/excluded.properties",
               "details": [
                  {
                     "reference": null,
                     "match": "(.*)?\\.properties",
                     "lineNumber": 0
                  }
               ]
            }
         ]
      },
      {
         "ruleName": "Java EE security",
         "ruleId": "ApplicationSecurityRule",
         "devCost": "0",
         "severity": "Warning",
         "severityId": "warning",
         "category": "Technology connectivity considerations for IBM Cloud",
         "categoryId": "appconversion.cloud.category.technology.connectivity",
         "results": [
            {
               "fileName": "CustomerOrderServicesApp.ear/CustomerOrderServicesTest-0.1.0-SNAPSHOT.war/WEB-INF/web.xml",
               "details": [
                  {
                     "reference": null,
                     "match": "security-constraint",
                     "lineNumber": 21
                  }
               ]
            },
            {
               "fileName": "CustomerOrderServicesApp.ear/CustomerOrderServicesWeb-0.1.0-SNAPSHOT.war/WEB-INF/web.xml",
               "details": [
                  {
                     "reference": null,
                     "match": "security-constraint",
                     "lineNumber": 27
                  }
               ]
            }
         ]
      },
      {
         "ruleName": "Managing data inside and between Docker containers",
         "ruleId": "FileSystemRule",
         "devCost": "0",
         "severity": "Warning",
         "severityId": "warning",
         "category": "Containers (IBM Cloud Pak for Applications, Kubernetes)",
         "categoryId": "appconversion.cloud.category.docker",
         "results": [
            {
               "fileName": "CustomerOrderServicesApp.ear/CustomerOrderServicesTest-0.1.0-SNAPSHOT.war/WEB-INF/lib/junit.jar/junit/runner/BaseTestRunner.class",
               "details": [
                  {
                     "reference": "Method savePreferences",
                     "match": "java.io.FileOutputStream",
                     "lineNumber": 57
                  },
                  {
                     "reference": "Method savePreferences",
                     "match": "java.io.FileOutputStream",
                     "lineNumber": 62
                  },
                  {
                     "reference": "Method savePreferences",
                     "match": "java.io.FileOutputStream",
                     "lineNumber": 64
                  }
               ]
            },
            {
               "fileName": "CustomerOrderServicesApp.ear/CustomerOrderServicesTest-0.1.0-SNAPSHOT.war/WEB-INF/lib/junit.jar/junit/swingui/TestRunner.class",
               "details": [
                  {
                     "reference": "Method saveHistory",
                     "match": "java.io.FileWriter",
                     "lineNumber": 723
                  }
               ]
            }
         ]
      }
   ]
}