{
  "productInf": [
    {
      "name": "IBM WebSphere Application Server",
      "id": "BASE",
      "version": "8.5.5.17",
      "buildDate": "2/5/20",
      "buildLevel": "cf172005.05"
    }
  ],
  "profiles": [
    {
      "name": "AppSrv01",
      "profilePath": "/opt/IBM/WebSphere/AppServer/profiles/AppSrv01",
      "cellName": "DefaultCell01",
      "applications": [
        "/opt/IBM/WebSphere/AppServer/profiles/AppSrv01/config/cells/DefaultCell01/applications/query.ear/query.ear",
        "/opt/IBM/WebSphere/AppServer/profiles/AppSrv01/config/cells/DefaultCell01/applications/CustomerOrderServicesApp.ear/CustomerOrderServicesApp.ear"
      ],
      "appsInfo": [],
      "isStandalone": true,
      "webSphereVersion": "was855",
      "javaVersion": "ibm6",
      "appsFound": true,
      "serverClasspath": [],
      "webSphereVariables": [
        {
          "name": "WAS_CELL_NAME",
          "scope": "/opt/IBM/WebSphere/AppServer/profiles/AppSrv01/config/cells/DefaultCell01",
          "value": "DefaultCell01"
        },
        {
          "name": "GRID_JOBLOG_ROOT",
          "scope": "/opt/IBM/WebSphere/AppServer/profiles/AppSrv01/config/cells/DefaultCell01",
          "value": "/opt/IBM/WebSphere/AppServer/profiles/AppSrv01"
        },
        {
          "name": "DERBY_JDBC_DRIVER_PATH",
          "scope": "/opt/IBM/WebSphere/AppServer/profiles/AppSrv01/config/cells/DefaultCell01",
          "value": "/opt/IBM/WebSphere/AppServer/derby/lib"
        },
        {
          "name": "GRID_ENDPOINT_DATASOURCE",
          "scope": "/opt/IBM/WebSphere/AppServer/profiles/AppSrv01/config/cells/DefaultCell01",
          "value": "jdbc/pgc"
        },
        {
          "name": "WAS_INSTALL_ROOT",
          "scope": "/opt/IBM/WebSphere/AppServer/profiles/AppSrv01/config/cells/DefaultCell01/nodes/DefaultNode01",
          "value": "/opt/IBM/WebSphere/AppServer"
        },
        {
          "name": "USER_INSTALL_ROOT",
          "scope": "/opt/IBM/WebSphere/AppServer/profiles/AppSrv01/config/cells/DefaultCell01/nodes/DefaultNode01",
          "value": "/opt/IBM/WebSphere/AppServer/profiles/AppSrv01"
        },
        {
          "name": "WAS_LIBS_DIR",
          "scope": "/opt/IBM/WebSphere/AppServer/profiles/AppSrv01/config/cells/DefaultCell01/nodes/DefaultNode01",
          "value": "/opt/IBM/WebSphere/AppServer/lib"
        },
        {
          "name": "WAS_PROPS_DIR",
          "scope": "/opt/IBM/WebSphere/AppServer/profiles/AppSrv01/config/cells/DefaultCell01/nodes/DefaultNode01",
          "value": "/opt/IBM/WebSphere/AppServer/profiles/AppSrv01/properties"
        },
        {
          "name": "WAS_TEMP_DIR",
          "scope": "/opt/IBM/WebSphere/AppServer/profiles/AppSrv01/config/cells/DefaultCell01/nodes/DefaultNode01",
          "value": "/opt/IBM/WebSphere/AppServer/profiles/AppSrv01/temp"
        },
        {
          "name": "APP_INSTALL_ROOT",
          "scope": "/opt/IBM/WebSphere/AppServer/profiles/AppSrv01/config/cells/DefaultCell01/nodes/DefaultNode01",
          "value": "/opt/IBM/WebSphere/AppServer/profiles/AppSrv01/installedApps"
        },
        {
          "name": "LOG_ROOT",
          "scope": "/opt/IBM/WebSphere/AppServer/profiles/AppSrv01/config/cells/DefaultCell01/nodes/DefaultNode01",
          "value": "/opt/IBM/WebSphere/AppServer/profiles/AppSrv01/logs"
        },
        {
          "name": "DRIVER_PATH",
          "scope": "/opt/IBM/WebSphere/AppServer/profiles/AppSrv01/config/cells/DefaultCell01/nodes/DefaultNode01",
          "value": "/opt/IBM/WebSphere/AppServer"
        },
        {
          "name": "JAVA_HOME",
          "scope": "/opt/IBM/WebSphere/AppServer/profiles/AppSrv01/config/cells/DefaultCell01/nodes/DefaultNode01",
          "value": "/opt/IBM/WebSphere/AppServer/java"
        },
        {
          "name": "MQ_INSTALL_ROOT",
          "scope": "/opt/IBM/WebSphere/AppServer/profiles/AppSrv01/config/cells/DefaultCell01/nodes/DefaultNode01",
          "value": "/opt/IBM/WebSphere/AppServer/lib/WMQ"
        },
        {
          "name": "DEPLOY_TOOL_ROOT",
          "scope": "/opt/IBM/WebSphere/AppServer/profiles/AppSrv01/config/cells/DefaultCell01/nodes/DefaultNode01",
          "value": "/opt/IBM/WebSphere/AppServer/deploytool/itp"
        },
        {
          "name": "CONNECTOR_INSTALL_ROOT",
          "scope": "/opt/IBM/WebSphere/AppServer/profiles/AppSrv01/config/cells/DefaultCell01/nodes/DefaultNode01",
          "value": "/opt/IBM/WebSphere/AppServer/profiles/AppSrv01/installedConnectors"
        },
        {
          "name": "WAS_ETC_DIR",
          "scope": "/opt/IBM/WebSphere/AppServer/profiles/AppSrv01/config/cells/DefaultCell01/nodes/DefaultNode01",
          "value": "/opt/IBM/WebSphere/AppServer/profiles/AppSrv01/etc"
        },
        {
          "name": "UNIVERSAL_JDBC_DRIVER_PATH",
          "scope": "/opt/IBM/WebSphere/AppServer/profiles/AppSrv01/config/cells/DefaultCell01/nodes/DefaultNode01",
          "value": "/opt/IBM/WebSphere/AppServer/universalDriver/lib"
        },
        {
          "name": "DERBY_JDBC_DRIVER_PATH",
          "scope": "/opt/IBM/WebSphere/AppServer/profiles/AppSrv01/config/cells/DefaultCell01/nodes/DefaultNode01",
          "value": "/opt/IBM/WebSphere/AppServer/derby/lib"
        },
        {
          "name": "WAS_INSTALL_LIBRARY",
          "scope": "/opt/IBM/WebSphere/AppServer/profiles/AppSrv01/config/cells/DefaultCell01/nodes/DefaultNode01",
          "value": "$(was.install.library)"
        },
        {
          "name": "LOCALHOST_NAME",
          "scope": "/opt/IBM/WebSphere/AppServer/profiles/AppSrv01/config/cells/DefaultCell01/nodes/DefaultNode01",
          "value": "localhost"
        },
        {
          "name": "SERVER_LOG_ROOT",
          "scope": "/opt/IBM/WebSphere/AppServer/profiles/AppSrv01/config/cells/DefaultCell01/nodes/DefaultNode01/servers/server1",
          "value": "/opt/IBM/WebSphere/AppServer/profiles/AppSrv01/logs/server1"
        },
        {
          "name": "WAS_SERVER_NAME",
          "scope": "/opt/IBM/WebSphere/AppServer/profiles/AppSrv01/config/cells/DefaultCell01/nodes/DefaultNode01/servers/server1",
          "value": "server1"
        }
      ],
      "archive": {
        "domain": "javaAppServer",
        "archiveName": "AppSrv01",
        "archiveType": "profile",
        "assessmentUnits": [
          "query.ear",
          "CustomerOrderServicesApp.ear"
        ],
        "dcVersion": "2.4.0",
        "middleware": "was",
        "host": "205a98035c72"
      },
      "ignoreMissingBinary": false,
      "scanBinaryLocation": false,
      "hasConfig": true,
      "locale": "en",
      "assessUnitNames": [
        "query.ear",
        "CustomerOrderServicesApp.ear"
      ]
    }
  ],
  "appsToScan_user": [
    ""
  ],
  "scanNodeFlag": false,
  "ignoreMissingSharedLibrary": false,
  "ignoreMissingBinary": false,
  "scanBinaryLocation": false,
  "locale": "en"
}