<?xml version="1.0" encoding="UTF-8"?>
<server description="Configuration generated by binaryAppScanner">
    <featureManager>
        <!--The following features are available in Open Liberty.-->
        <feature>appSecurity-2.0</feature>
        <feature>ejbLite-3.2</feature>
        <feature>ejbRemote-3.2</feature>
        <feature>ldapRegistry-3.0</feature>
    </featureManager>
    <!-- This configuration was migrated on 1/14/21 at 9:47:41 AM from the following location: /opt/IBM/WebSphere/AppServer/profiles/AppSrv01 -->
    <!-- The binary scanner does not support the migration of all WebSphere traditional configuration elements. Check the binary scanner documentation for the list of supported configuration elements. -->
    <applicationManager autoExpand="true"/>
    <httpEndpoint host="${httpEndpoint_host_1}" httpPort="${httpEndpoint_port_1}" httpsPort="${httpEndpoint_secure_port_1}" id="defaultHttpEndpoint"/>
    <enterpriseApplication location="query.ear"/>
    
    <!-- The following variables, which often differ between environments, have been extracted from the migrated configuration to allow for easy substitution. -->
    <variable defaultValue="9080" name="httpEndpoint_port_1"/>
    <variable defaultValue="*" name="httpEndpoint_host_1"/>
    <variable defaultValue="9443" name="httpEndpoint_secure_port_1"/>
</server>